<?xml version="1.0"?>
<item name="root" type="6">
	<item name="GeneralSettings" type="3">point(906,136,0)</item>
	<item name="bleedHandles" type="0">0</item>
	<item name="bleedWidth" type="0">133</item>
	<item name="drawBleed" type="0">0</item>
	<item name="drawDepth" type="0">1</item>
	<item name="drawFingerTracking" type="0">0</item>
	<item name="drawSensingAreas" type="0">1</item>
	<item name="fullScreen" type="0">1</item>
	<item name="getStats" type="0">1</item>
	<item name="handRegionScale" type="1">-74.666710</item>
	<item name="hyperActiveSimulator" type="0">0</item>
	<item name="kinectEnabled" type="0">0</item>
	<item name="showHide" type="0">1</item>
	<item name="stats" type="2">''''''''''''''''''''''''''''''''''''''''''''''''''''''''''''''''''''''''''''''''''''</item>
	<item name="textSize" type="0">14</item>
	<item name="useBleedAsVisionMask" type="0">1</item>
	<item name="useHandRegion" type="0">1</item>
</item>
