
<root>

    <instance class="slideshow"></instance>

    <image file="images/take_a_sample.png">
        <position>Point(350,150,0)</position>
    </image>
    
    <image file="images/hole_spotlight.png">
        <position>Point(0,0,0)</position>
    </image>

    
    <position>Point(0,0,0)</position>

    <!-- PRODUCT 1 -->
    <instance class="product_toggle_razor">
        <name input="product_name">product1</name>
        <position input="productPos">Point(640,200,0)</position>
        <sensingArea name="objectSensor" input="objectSenseRect">rect(0,0,120,120)</sensingArea>
        <position input="switch_position">Point(0,0,0)</position>
        
        <file input="title_image">images/title_1.png</file>
        <file input="content1_image">images/product_2/content_1.png</file>
        <file input="content2_image">images/product_2/content_2.png</file>
    </instance>
    
    <!-- PRODUCT 2 -->
    <instance class="product_toggle">
        <name input="product_name">product2</name>
        <position input="productPos">Point(213,500,0)</position>
        <sensingArea name="objectSensor" input="objectSenseRect">rect(0,0,120,120)</sensingArea>
        <position input="switch_position">Point(0,0,0)</position>
                
        <file input="title_image">images/title_1.png</file>
        <file input="content1_image">images/product_2/content_1.png</file>
        <file input="content2_image">images/product_2/content_2.png</file>
    </instance>
    
    <!-- PRODUCT 3 -->
    <instance class="product_toggle">
        <name input="product_name">product3</name>
        <position input="productPos">Point(1050,500,0)</position>
        <sensingArea name="objectSensor" input="objectSenseRect">rect(0,0,120,120)</sensingArea>
        <position input="switch_position">Point(0,0,0)</position>
        
        <file input="title_image">images/title_1.png</file>
        <file input="content1_image">images/product_3/content_1.png</file>
        <file input="content2_image">images/product_3/content_2.png</file>
    </instance>
    
    
    
    <!-- particles -->
    
	<particles name="product1">
        <origin>Point(213,500,0)</origin>
        <folder>images/particle_1</folder>
        <drawColor>rgb(255,255,255)</drawColor>
        <subscribe message="PERCH_MESSAGE"/>
	</particles>
	
	<particles name="product2">
        <origin>Point(1050,500,0)</origin>
        <folder>images/particle_2</folder>
        <drawColor>rgb(255,255,255)</drawColor>
        <subscribe message="PERCH_MESSAGE"/>
	</particles>
	
	<particles name="product3">
        <origin>Point(1065,500,0)</origin>
        <folder>images/particle_3</folder>
        <drawColor>rgb(255,255,255)</drawColor>
        <subscribe message="PERCH_MESSAGE"/>	
	</particles>
    
</root>
