<?xml version="1.0"?>
<item name="root" type="6">
	<item name="ObjectSettings" type="3">point(906,45,0)</item>
	<item name="buttonData" type="2">''''''''''''''''''</item>
	<item name="defaultObject_range" type="3">point(82.6661,454.666,0)</item>
	<item name="framesPersistent" type="0">0</item>
	<item name="objectHoverRange" type="3">point(0,0,0)</item>
	<item name="objectSensingData" type="2">''''''''''''''''''</item>
	<item name="objectSensor_range" type="3">point(93.0006,506.333,0)</item>
	<item name="objectTouchRange" type="3">point(0,0,0)</item>
	<item name="percentInRange_threshold" type="1">0.140000</item>
	<item name="showHide" type="0">0</item>
</item>
