<?xml version="1.0"?>
<item name="root" type="6">
	<item name="colorVar" type="3">point(0,0.706667,0)</item>
	<item name="dampingVar" type="3">point(0,0,0)</item>
	<item name="emissionRate" type="3">point(42.4,75.4667,0)</item>
	<item name="frictionVar" type="3">point(0.983333,1,0)</item>
	<item name="lifeSpanVar" type="3">point(39.9995,109.998,0)</item>
	<item name="noiseVar" type="3">point(0,11.3334,0)</item>
	<item name="particleControl" type="3">point(518,73,0)</item>
	<item name="rotationVar" type="3">point(0.0666664,0.839998,0)</item>
	<item name="showHide" type="0">0</item>
	<item name="sizeVar" type="3">point(40,40,0)</item>
	<item name="textSize" type="0">10</item>
	<item name="transparency" type="3">point(0.273334,0.866667,0)</item>
	<item name="velInit" type="3">point(8.00007,50,0)</item>
</item>
