<?xml version="1.0"?>
<item name="root" type="6">
	<item name="VisionSettings" type="3">point(907,67,0)</item>
	<item name="areaSize" type="0">6</item>
	<item name="centerOffset" type="1">0.000000</item>
	<item name="drawVision" type="0">1</item>
	<item name="expFinger" type="1">0.000000</item>
	<item name="extendCVMask" type="1">0.000000</item>
	<item name="flipImage" type="0">0</item>
	<item name="hoverHeight" type="1">0.000000</item>
	<item name="lerpSpeed" type="1">0.353333</item>
	<item name="lowFingerThreshold" type="1">172.800262</item>
	<item name="maxDist" type="1">247.419998</item>
	<item name="maxSize" type="0">0</item>
	<item name="maxTouchVelocity" type="1">0.000000</item>
	<item name="medianKernel" type="0">0</item>
	<item name="minSize" type="0">0</item>
	<item name="pressCounterMin" type="0">3</item>
	<item name="showHide" type="0">0</item>
	<item name="textSize" type="0">10</item>
	<item name="threshold" type="0">20</item>
	<item name="touchHeight" type="3">point(11.3334,80.6667,0)</item>
	<item name="useRadialDist" type="0">1</item>
</item>
